일자,모델,호기,시험 종류,운전자,주/야/휴,날씨,시작 아워미터(h),종료 아워미터(h),운행시간(h),충전시간(h),기본/요철 사이클(h),기본 사이클(회),요철 사이클(회),배터리 충전 점검(h),장비 점검·TPR 작성(h),특화 시험·장비수리(h),히터 가동(h),에어컨 가동(h),배터리소모율(%),충전량(kWh),연료 종류,연료 소모량,요소수 주입량(L),경유 결제 금액(원),요소수 결제 금액(원),문제점,사진 참조
2026-07-01,DEMO-D25(예시),1호기,주행내구,운전자B,주,맑음,1240,1247.5,7.5,,7.5,35,7,,0.5,,,7.5,,,경유,,,,,,
2026-07-01,DEMO-E20(예시),1호기,주행내구,운전자D,주,맑음,432,439.5,7.5,0.5,7.5,35,7,0.5,0.5,,,7.5,85,27.2,전기,,,,,운전석 계기판 화면 깜빡임(예시),IMG_20260701_3(예시).jpg
2026-07-01,DEMO-L30(예시),1호기,하역내구,운전자C,주,흐림,856.5,861.5,5,,5,23,5,,0.5,,,5,,,LPG,,,,,,
2026-07-02,DEMO-D25(예시),1호기,주행내구,운전자C,주,맑음,1247.5,1253,5.5,,5.5,25,5,,0.5,,,5.5,,,경유,47.7,,74410,,,
2026-07-02,DEMO-D25(예시),1호기,주행내구,운전자A,야,맑음,1253,1258.5,5.5,,5.5,25,5,,0.5,,,5.5,,,경유,,,,,,
2026-07-02,DEMO-E20(예시),1호기,주행내구,운전자A,주,흐림,439.5,444.5,5,0.5,5,23,5,0.5,0.5,,,5,89,28.5,전기,,,,,,
2026-07-02,DEMO-L30(예시),1호기,하역내구,운전자D,주,맑음,861.5,867,5.5,,5.5,25,5,,0.5,,,5.5,,,LPG,50,,,,브레이크 페달 유격 커짐(예시),IMG_20260702_2(예시).jpg
2026-07-03,DEMO-D25(예시),1호기,주행내구,운전자D,주,맑음,1258.5,1266,7.5,,7.5,35,7,,0.5,,,7.5,,,경유,,,,,,
2026-07-03,DEMO-E20(예시),1호기,주행내구,운전자B,주,맑음,444.5,452.5,8,0.5,8,37,7,0.5,0.5,,,8,78,25,전기,,,,,,
2026-07-03,DEMO-L30(예시),1호기,하역내구,운전자A,주,맑음,867,873,6,,6,28,5,,0.5,,,6,,,LPG,,,,,,
2026-07-06,DEMO-D25(예시),1호기,주행내구,운전자A,주,맑음,1266,1272,6,,6,28,5,,0.5,,,6,,,경유,48.3,,73900,,,
2026-07-06,DEMO-E20(예시),1호기,주행내구,운전자C,주,맑음,452.5,459,6.5,0.5,6.5,30,6,0.5,0.5,,,6.5,83,26.6,전기,,,,,,
2026-07-06,DEMO-L30(예시),1호기,하역내구,운전자B,주,비,873,878,5,,5,23,5,,0.5,,,5,,,LPG,51,,,,,
2026-07-07,DEMO-D25(예시),1호기,주행내구,운전자B,주,흐림,1272,1277,5,,5,23,5,,0.5,,,5,,,경유,,,,,,
2026-07-07,DEMO-D25(예시),1호기,주행내구,운전자D,야,흐림,1277,1282,5,,5,23,5,,0.5,,,5,,,경유,,,,,,
2026-07-07,DEMO-E20(예시),1호기,주행내구,운전자D,주,맑음,459,465.5,6.5,0.5,6.5,30,6,0.5,0.5,,,6.5,71,22.7,전기,,,,,,
2026-07-07,DEMO-L30(예시),1호기,하역내구,운전자C,주,비,878,883,5,,5,23,5,,0.5,,,5,,,LPG,,,,,,
2026-07-08,DEMO-D25(예시),1호기,주행내구,운전자C,주,맑음,1282,1289.5,7.5,,7.5,35,7,,0.5,,,7.5,,,경유,,,,,,
2026-07-08,DEMO-E20(예시),1호기,주행내구,운전자A,주,맑음,465.5,471.5,6,0.5,6,28,5,0.5,0.5,,,6,77,24.6,전기,,,,,,
2026-07-08,DEMO-L30(예시),1호기,하역내구,운전자D,주,맑음,883,890.5,7.5,,7.5,35,7,,0.5,,,7.5,,,LPG,,,,,,
2026-07-09,DEMO-D25(예시),1호기,주행내구,운전자D,주,맑음,1289.5,1296,6.5,,6.5,30,6,,0.5,,,6.5,,,경유,53.7,,82160,,,
2026-07-09,DEMO-D25(예시),1호기,주행내구,운전자B,야,맑음,1296,1304,8,,8,37,7,,0.5,,,8,,,경유,,,,,,
2026-07-09,DEMO-E20(예시),1호기,주행내구,운전자B,주,맑음,471.5,479.5,8,0.5,8,37,7,0.5,0.5,,,8,72,23,전기,,,,,,
2026-07-09,DEMO-L30(예시),1호기,하역내구,운전자A,주,맑음,890.5,897,6.5,,6.5,30,6,,0.5,,,6.5,,,LPG,54.4,,,,,
2026-07-10,DEMO-D25(예시),1호기,주행내구,운전자A,주,맑음,1304,1311,7,,7,32,6,,0.5,,,7,,,경유,,,,,,
2026-07-10,DEMO-E20(예시),1호기,주행내구,운전자C,주,비,479.5,484.5,5,0.5,5,23,5,0.5,0.5,,,5,85,27.2,전기,,,,,,
2026-07-10,DEMO-L30(예시),1호기,하역내구,운전자B,주,비,897,903.5,6.5,,6.5,30,6,,0.5,,,6.5,,,LPG,,,,,,
2026-07-13,DEMO-D25(예시),1호기,주행내구,운전자B,주,맑음,1311,1318,7,,7,32,6,,0.5,,,7,,,경유,61.6,,94860,,,
2026-07-13,DEMO-E20(예시),1호기,주행내구,운전자D,주,비,484.5,489.5,5,0.5,5,23,5,0.5,0.5,,,5,84,26.9,전기,,,,,,
2026-07-14,DEMO-D25(예시),1호기,주행내구,운전자C,주,맑음,1318,1326,8,,8,37,7,,0.5,,,8,,,경유,,,,,,
2026-07-14,DEMO-D25(예시),1호기,주행내구,운전자A,야,맑음,1326,1334,8,,8,37,7,,0.5,,,8,,,경유,,,,,,
2026-07-14,DEMO-E20(예시),1호기,주행내구,운전자A,주,흐림,489.5,496,6.5,0.5,6.5,30,6,0.5,0.5,,,6.5,82,26.2,전기,,,,,,
2026-07-14,DEMO-L30(예시),1호기,하역내구,운전자D,주,흐림,903.5,908.5,5,,5,23,5,,0.5,,,5,,,LPG,,,,,,
2026-07-15,DEMO-D25(예시),1호기,주행내구,운전자D,주,맑음,1334,1341.5,7.5,,7.5,35,7,,0.5,,,7.5,,,경유,,,,,,
2026-07-15,DEMO-E20(예시),1호기,주행내구,,주,맑음,496,502.5,6.5,0.5,6.5,30,6,0.5,0.5,,,6.5,90,28.8,전기,,,,,,
2026-07-15,DEMO-L30(예시),1호기,하역내구,운전자A,주,맑음,908.5,916,7.5,,7.5,35,7,,0.5,,,7.5,,,LPG,,,,,,
2026-07-16,DEMO-D25(예시),1호기,주행내구,운전자A,주,맑음,1341.5,1349,7.5,,7.5,35,7,,0.5,,,7.5,,,경유,56.7,20,88450,24000,좌측 마스트 체인에서 소음 발생(예시),IMG_20260716_1(예시).jpg
2026-07-16,DEMO-D25(예시),1호기,주행내구,운전자C,야,맑음,1349,1354,5,,5,23,5,,0.5,,,5,,,경유,,,,,,
2026-07-16,DEMO-E20(예시),1호기,주행내구,운전자C,주,비,502.5,508.5,6,0.5,6,28,5,0.5,0.5,,,6,80,25.6,전기,,,,,,
2026-07-16,DEMO-L30(예시),1호기,하역내구,운전자B,주,맑음,916,922,6,,6,28,5,,0.5,,,6,,,LPG,61.3,,,,,
2026-07-17,DEMO-D25(예시),1호기,주행내구,운전자B,주,비,1354,1361,7,,7,32,6,,0.5,,,7,,,경유,,,,,,
2026-07-17,DEMO-E20(예시),1호기,주행내구,운전자D,주,맑음,508.5,513.5,5,0.5,5,23,5,0.5,0.5,,,5,71,22.7,전기,,,,,,
2026-07-17,DEMO-L30(예시),1호기,하역내구,운전자C,주,흐림,922,928.5,6.5,,6.5,30,6,,0.5,,,6.5,,,LPG,,,,,포크 하강 속도 느려짐(예시),IMG_20260717_2(예시).jpg
2026-07-20,DEMO-D25(예시),1호기,주행내구,운전자C,주,맑음,1361,1366.5,5.5,,5.5,25,5,,0.5,,,5.5,,,경유,46.3,,71770,,,
2026-07-20,DEMO-E20(예시),1호기,주행내구,운전자A,주,흐림,513.5,519.5,6,0.5,6,28,5,0.5,0.5,,,6,72,23,전기,,,,,,
2026-07-20,DEMO-L30(예시),1호기,하역내구,운전자D,주,맑음,928.5,935.5,7,,7,32,6,,0.5,,,7,,,LPG,60.4,,,,,
2026-07-21,DEMO-D25(예시),1호기,주행내구,운전자D,주,맑음,1354.5,1362,7.5,,7.5,35,7,,0.5,,,7.5,,,경유,,,,,,
2026-07-21,DEMO-D25(예시),1호기,주행내구,운전자B,야,맑음,1362,1368,6,,6,28,5,,0.5,,,6,,,경유,,,,,,
2026-07-21,DEMO-E20(예시),1호기,주행내구,운전자B,주,흐림,519.5,525,5.5,0.5,5.5,25,5,0.5,0.5,,,5.5,69,22.1,전기,,,,,,
2026-07-21,DEMO-L30(예시),1호기,하역내구,운전자A,주,흐림,935.5,943,7.5,,7.5,35,7,,0.5,,,7.5,,,LPG,,,,,,
2026-07-22,DEMO-D25(예시),1호기,주행내구,운전자A,주,흐림,1368,1374,6,,6,28,5,,0.5,,,6,,,경유,,,,,,
2026-07-22,DEMO-E20(예시),1호기,주행내구,운전자C,주,맑음,525,532.5,7.5,0.5,7.5,35,7,0.5,0.5,,,7.5,81,25.9,전기,,,,,작동유 온도 경고등 점등 후 소등(예시),IMG_20260722_3(예시).jpg
2026-07-22,DEMO-L30(예시),1호기,하역내구,운전자B,주,맑음,943,949.5,6.5,,6.5,30,6,,0.5,,,6.5,,,LPG,,,,,포크 하강 속도 느려짐(예시),IMG_20260722_2(예시).jpg
2026-07-23,DEMO-D25(예시),1호기,주행내구,운전자B,주,비,1374,1381.5,7.5,,7.5,35,7,,0.5,,,7.5,,,경유,62.5,,96250,,,
2026-07-23,DEMO-D25(예시),1호기,주행내구,운전자D,야,비,1381.5,1387.5,6,,6,28,5,,0.5,,,6,,,경유,,,,,,
2026-07-23,DEMO-E20(예시),1호기,주행내구,운전자D,주,맑음,532.5,538.5,6,0.5,6,28,5,0.5,0.5,,,6,82,26.2,전기,,,,,,
2026-07-23,DEMO-L30(예시),1호기,하역내구,운전자C,주,맑음,949.5,957.5,8,,8,37,7,,0.5,,,8,,,LPG,80.2,,,,,
2026-07-24,DEMO-D25(예시),1호기,주행내구,운전자C,주,맑음,1387.5,1393,5.5,,5.5,25,5,,0.5,,,5.5,,,경유,,,,,,
2026-07-24,DEMO-E20(예시),1호기,주행내구,운전자A,주,맑음,538.5,545,6.5,0.5,6.5,30,6,0.5,0.5,,,6.5,80,25.6,전기,,,,,,
2026-07-24,DEMO-L30(예시),1호기,하역내구,운전자D,주,비,957.5,963,5.5,,5.5,25,5,,0.5,,,5.5,,,LPG,,,,,,
2026-07-27,DEMO-D25(예시),1호기,주행내구,운전자D,주,흐림,1393,1400.5,7.5,,7.5,35,7,,0.5,,,7.5,,,경유,60.4,,93620,,,
2026-07-27,DEMO-E20(예시),1호기,주행내구,운전자B,주,맑음,545,552.5,7.5,0.5,7.5,35,7,0.5,0.5,,,7.5,84,26.9,전기,,,,,작동유 온도 경고등 점등 후 소등(예시),IMG_20260727_3(예시).jpg
2026-07-27,DEMO-L30(예시),1호기,하역내구,운전자A,주,맑음,963,968,5,,5,23,5,,0.5,,,5,,,LPG,45.3,,,,,
2026-07-28,DEMO-D25(예시),1호기,주행내구,운전자A,주,맑음,1400.5,1406,5.5,,5.5,25,5,,0.5,,,5.5,,,경유,,,,,,
2026-07-28,DEMO-D25(예시),1호기,주행내구,운전자C,야,맑음,1406,1413.5,7.5,,7.5,35,7,,0.5,,,7.5,,,경유,,,,,,
2026-07-28,DEMO-E20(예시),1호기,주행내구,운전자C,주,맑음,552.5,560.5,8,0.5,8,37,7,0.5,0.5,,,8,62,19.8,전기,,,,,,
2026-07-28,DEMO-L30(예시),1호기,하역내구,운전자B,주,맑음,968,973.5,5.5,,5.5,25,5,,0.5,,,5.5,,,LPG,,,,,브레이크 페달 유격 커짐(예시),IMG_20260728_2(예시).jpg
2026-07-29,DEMO-D25(예시),1호기,주행내구,운전자B,주,맑음,1413.5,1421,7.5,,7.5,35,7,,0.5,,,7.5,,,경유,,,,,,
2026-07-29,DEMO-E20(예시),1호기,주행내구,운전자D,주,맑음,560.5,566,5.5,0.5,5.5,25,5,0.5,0.5,,,5.5,56,17.9,전기,,,,,,
2026-07-29,DEMO-L30(예시),1호기,하역내구,운전자C,주,맑음,973.5,978.5,5,,5,23,5,,0.5,,,5,,,LPG,,,,,,
2026-07-30,DEMO-D25(예시),1호기,주행내구,운전자C,주,비,1421,1426.5,5.5,,5.5,25,5,,0.5,,,5.5,,,경유,44.7,,69290,,,
2026-07-30,DEMO-D25(예시),1호기,주행내구,운전자A,야,비,1426.5,1433,6.5,,6.5,30,6,,0.5,,,6.5,,,경유,,,,,,
2026-07-30,DEMO-E20(예시),1호기,주행내구,운전자A,주,맑음,566,573,7,0.5,7,32,6,0.5,0.5,,,7,66,21.1,전기,,,,,,
2026-07-30,DEMO-L30(예시),1호기,하역내구,운전자D,주,비,978.5,983.5,5,,5,23,5,,0.5,,,5,,,LPG,50.9,,,,,
2026-07-31,DEMO-D25(예시),1호기,주행내구,운전자D,주,비,1433,1441,8,,8,37,7,,0.5,,,8,,,경유,,,,,,
2026-07-31,DEMO-E20(예시),1호기,주행내구,운전자B,주,맑음,573,581,8,0.5,8,37,7,0.5,0.5,,,8,77,24.6,전기,,,,,,
2026-08-03,DEMO-D25(예시),1호기,주행내구,운전자A,주,비,1441,1447,6,,6,28,5,,0.5,,,6,,,경유,46.5,,71150,,,
2026-08-03,DEMO-E20(예시),1호기,주행내구,운전자C,주,맑음,581,588,7,0.5,7,32,6,0.5,0.5,,,7,59,18.9,전기,,,,,,
2026-08-03,DEMO-L30(예시),1호기,하역내구,운전자B,주,흐림,983.5,991,7.5,,7.5,35,7,,0.5,,,7.5,,,LPG,68.4,,,,,
2026-08-04,DEMO-D25(예시),1호기,주행내구,운전자B,주,맑음,1447,1453,6,,6,28,5,,0.5,,,6,,,경유,,,,,,
2026-08-04,DEMO-D25(예시),1호기,주행내구,운전자D,야,맑음,1453,1461,8,,8,37,7,,0.5,,,8,,,경유,,,,,,
2026-08-04,DEMO-E20(예시),1호기,주행내구,운전자D,주,맑음,588,593.5,5.5,0.5,5.5,25,5,0.5,0.5,,,5.5,60,19.2,전기,,,,,,
2026-08-04,DEMO-L30(예시),1호기,하역내구,운전자C,주,맑음,991,996,5,,5,23,5,,0.5,,,5,,,LPG,,,,,,
2026-08-05,DEMO-D25(예시),1호기,주행내구,운전자C,주,맑음,1461,1468,7,,7,32,6,,0.5,,,7,,,경유,,,,,,
2026-08-05,DEMO-E20(예시),1호기,주행내구,운전자A,주,맑음,593.5,600,6.5,0.5,6.5,30,6,0.5,0.5,,,6.5,85,27.2,전기,,,,,,
2026-08-05,DEMO-L30(예시),1호기,하역내구,운전자D,주,비,996,1004,8,,8,37,7,,0.5,,,8,,,LPG,,,,,,
2026-08-06,DEMO-D25(예시),1호기,주행내구,운전자D,주,비,1468,1475.5,7.5,,7.5,35,7,,0.5,,,7.5,,,경유,59.5,20,91630,24000,,
2026-08-06,DEMO-D25(예시),1호기,주행내구,운전자B,야,비,1475.5,1480.5,5,,5,23,5,,0.5,,,5,,,경유,,,,,,
2026-08-06,DEMO-E20(예시),1호기,주행내구,운전자B,주,맑음,600,605,5,0.5,5,23,5,0.5,0.5,,,5,62,19.8,전기,,,,,,
2026-08-06,DEMO-L30(예시),1호기,하역내구,운전자A,주,비,1004,1009.5,5.5,,5.5,25,5,,0.5,,,5.5,,,LPG,48.7,,,,,
2026-08-07,DEMO-D25(예시),1호기,주행내구,운전자A,주,흐림,1480.5,1486,5.5,,5.5,25,5,,0.5,,,5.5,,,경유,,,,,,
2026-08-07,DEMO-E20(예시),1호기,주행내구,운전자C,주,흐림,605,610.5,5.5,0.5,5.5,25,5,0.5,0.5,,,5.5,61,19.5,전기,,,,,,
2026-08-07,DEMO-L30(예시),1호기,하역내구,운전자B,주,맑음,1009.5,1014.5,5,,5,23,5,,0.5,,,5,,,LPG,,,,,,
2026-08-10,DEMO-D25(예시),1호기,주행내구,운전자B,주,흐림,1486,1494,8,,8,37,7,,0.5,,,8,,,경유,62.1,,95630,,,
2026-08-10,DEMO-E20(예시),1호기,주행내구,운전자D,주,맑음,610.5,616.5,6,0.5,6,28,5,0.5,0.5,,,6,73,23.4,전기,,,,,,
2026-08-10,DEMO-L30(예시),1호기,하역내구,운전자C,주,맑음,1014.5,1021.5,7,,7,32,6,,0.5,,,7,,,LPG,69.3,,,,브레이크 페달 유격 커짐(예시),IMG_20260810_2(예시).jpg
2026-08-11,DEMO-D25(예시),1호기,주행내구,운전자C,주,맑음,1494,1500.5,6.5,,6.5,30,6,,0.5,,,6.5,,,경유,,,,,,
2026-08-11,DEMO-D25(예시),1호기,주행내구,운전자A,야,맑음,1500.5,1508,7.5,,7.5,35,7,,0.5,,,7.5,,,경유,,,,,,
2026-08-11,DEMO-E20(예시),1호기,주행내구,운전자A,주,흐림,616.5,623,6.5,0.5,6.5,30,6,0.5,0.5,,,6.5,81,25.9,전기,,,,,충전 커넥터 체결 불량(예시),IMG_20260811_3(예시).jpg
2026-08-11,DEMO-L30(예시),1호기,하역내구,운전자D,주,맑음,1021.5,1026.5,5,,5,23,5,,0.5,,,5,,,LPG,,,,,,
2026-08-12,DEMO-D25(예시),1호기,주행내구,운전자D,주,맑음,1508,1513.5,5.5,,5.5,25,5,,0.5,,,5.5,,,경유,,,,,좌측 마스트 체인에서 소음 발생(예시),IMG_20260812_1(예시).jpg
2026-08-12,DEMO-E20(예시),1호기,주행내구,운전자B,주,맑음,623,629,6,0.5,6,28,5,0.5,0.5,,,6,81,25.9,전기,,,,,,
2026-08-12,DEMO-L30(예시),1호기,하역내구,운전자A,주,맑음,1026.5,1032,5.5,,5.5,25,5,,0.5,,,5.5,,,LPG,,,,,,
2026-08-13,DEMO-D25(예시),1호기,주행내구,운전자A,주,흐림,1513.5,1521.5,8,,8,37,7,,0.5,,,8,,,경유,70,,107100,,,
2026-08-13,DEMO-D25(예시),1호기,주행내구,운전자C,야,흐림,1521.5,1527.5,6,,6,28,5,,0.5,,,6,,,경유,,,,,브레이크 페달 유격 커짐(예시),IMG_20260813_1(예시).jpg
2026-08-13,DEMO-E20(예시),1호기,주행내구,운전자C,주,맑음,629,637,8,0.5,8,37,7,0.5,0.5,,,8,68,21.8,전기,,,,,,
2026-08-13,DEMO-L30(예시),1호기,하역내구,운전자B,주,흐림,1032,1038.5,6.5,,6.5,30,6,,0.5,,,6.5,,,LPG,57,,,,,
2026-08-14,DEMO-D25(예시),1호기,주행내구,운전자B,주,흐림,1527.5,1534.5,7,,7,32,6,,0.5,,,7,,,경유,,,,,,
2026-08-14,DEMO-E20(예시),1호기,주행내구,운전자D,주,맑음,637,644.5,7.5,0.5,7.5,35,7,0.5,0.5,,,7.5,66,21.1,전기,,,,,,
2026-08-14,DEMO-L30(예시),1호기,하역내구,운전자C,주,비,1038.5,1045.5,7,,7,32,6,,0.5,,,7,,,LPG,,,,,,
2026-08-17,DEMO-D25(예시),1호기,주행내구,운전자C,주,맑음,1534.5,1541.5,7,,7,32,6,,0.5,,,7,,,경유,59.4,,92660,,,
2026-08-17,DEMO-E20(예시),1호기,주행내구,운전자A,주,맑음,644.5,649.5,5,0.5,5,23,5,0.5,0.5,,,5,60,19.2,전기,,,,,,
2026-08-17,DEMO-L30(예시),1호기,하역내구,운전자D,주,흐림,1045.5,1051,5.5,,5.5,25,5,,0.5,,,5.5,,,LPG,50.6,,,,,
2026-08-18,DEMO-D25(예시),1호기,주행내구,운전자D,주,맑음,1541.5,1549,7.5,,7.5,35,7,,0.5,,,7.5,,,경유,,,,,,
2026-08-18,DEMO-D25(예시),1호기,주행내구,운전자B,야,맑음,1549,1554,5,,5,23,5,,0.5,,,5,,,경유,,,,,,
2026-08-18,DEMO-E20(예시),1호기,주행내구,운전자B,주,맑음,649.5,657.5,8,0.5,8,37,7,0.5,0.5,,,8,89,28.5,전기,,,,,운전석 계기판 화면 깜빡임(예시),IMG_20260818_3(예시).jpg
2026-08-18,DEMO-L30(예시),1호기,하역내구,운전자A,주,맑음,1051,1058,7,,7,32,6,,0.5,,,7,,,LPG,,,,,,
2026-08-19,DEMO-D25(예시),1호기,주행내구,운전자A,주,흐림,1554,1561,7,,7,32,6,,0.5,,,7,,,경유,,,,,,
2026-08-19,DEMO-E20(예시),1호기,주행내구,운전자C,주,맑음,657.5,663,5.5,0.5,5.5,25,5,0.5,0.5,,,5.5,69,22.1,전기,,,,,,
2026-08-19,DEMO-L30(예시),1호기,하역내구,운전자B,주,비,1058,1066,8,,8,37,7,,0.5,,,8,,,LPG,,,,,,
2026-08-20,DEMO-D25(예시),1호기,주행내구,운전자B,주,비,1561,1566,5,,5,23,5,,0.5,,,5,,,경유,40.9,,62990,,,
2026-08-20,DEMO-D25(예시),1호기,주행내구,운전자D,야,비,1566,1573,7,,7,32,6,,0.5,,,7,,,경유,,,,,,
2026-08-20,DEMO-E20(예시),1호기,주행내구,운전자D,주,맑음,663,668.5,5.5,0.5,5.5,25,5,0.5,0.5,,,5.5,66,21.1,전기,,,,,브레이크 페달 유격 커짐(예시),IMG_20260820_3(예시).jpg
2026-08-20,DEMO-L30(예시),1호기,하역내구,운전자C,주,흐림,1066,1072.5,6.5,,6.5,30,6,,0.5,,,6.5,,,LPG,66.4,,,,,
2026-08-21,DEMO-D25(예시),1호기,주행내구,운전자C,주,흐림,1573,1578.5,5.5,,5.5,25,5,,0.5,,,5.5,,,경유,,,,,,
2026-08-21,DEMO-E20(예시),1호기,주행내구,운전자A,주,흐림,668.5,676.5,8,0.5,8,37,7,0.5,0.5,,,8,78,25,전기,,,,,,
2026-08-21,DEMO-L30(예시),1호기,하역내구,운전자D,주,비,1072.5,1079.5,7,,7,32,6,,0.5,,,7,,,LPG,,,,,,
2026-08-24,DEMO-D25(예시),1호기,주행내구,운전자D,주,맑음,1578.5,1584.5,6,,6,28,5,,0.5,,,6,,,경유,45.8,,71450,,좌측 마스트 체인에서 소음 발생(예시),IMG_20260824_1(예시).jpg
2026-08-24,DEMO-E20(예시),1호기,주행내구,운전자B,주,맑음,676.5,684.5,8,0.5,8,37,7,0.5,0.5,,,8,88,28.2,전기,,,,,브레이크 페달 유격 커짐(예시),IMG_20260824_3(예시).jpg
2026-08-24,DEMO-L30(예시),1호기,하역내구,운전자A,주,맑음,1079.5,1087,7.5,,7.5,35,7,,0.5,,,7.5,,,LPG,63.7,,,,,
2026-08-25,DEMO-D25(예시),1호기,주행내구,운전자A,주,맑음,1584.5,1591,6.5,,6.5,30,6,,0.5,,,6.5,,,경유,,,,,,
2026-08-25,DEMO-D25(예시),1호기,주행내구,운전자C,야,맑음,1591,1598.5,7.5,,7.5,35,7,,0.5,,,7.5,,,경유,,,,,작동유 온도 경고등 점등 후 소등(예시),IMG_20260825_1(예시).jpg
2026-08-25,DEMO-E20(예시),1호기,주행내구,운전자C,주,비,684.5,690,5.5,0.5,5.5,25,5,0.5,0.5,,,5.5,65,20.8,전기,,,,,,
2026-08-25,DEMO-L30(예시),1호기,하역내구,운전자B,주,비,1087,1092,5,,5,23,5,,0.5,,,5,,,LPG,,,,,,
2026-08-26,DEMO-D25(예시),1호기,주행내구,운전자B,주,맑음,1598.5,1606,7.5,,7.5,35,7,,0.5,,,7.5,,,경유,,,,,,
2026-08-26,DEMO-E20(예시),1호기,주행내구,운전자D,주,맑음,690,696,6,0.5,6,28,5,0.5,0.5,,,6,73,23.4,전기,,,,,,
2026-08-26,DEMO-L30(예시),1호기,하역내구,운전자C,주,비,1092,1098,6,,6,28,5,,0.5,,,6,,,LPG,,,,,,
2026-08-27,DEMO-D25(예시),1호기,주행내구,운전자C,주,비,1606,1614,8,,8,37,7,,0.5,,,8,,,경유,64.8,20,100440,24000,,
2026-08-27,DEMO-D25(예시),1호기,주행내구,운전자A,야,비,1614,1619,5,,5,23,5,,0.5,,,5,,,경유,,,,,충전 커넥터 체결 불량(예시),IMG_20260827_1(예시).jpg
2026-08-27,DEMO-E20(예시),1호기,주행내구,운전자A,주,맑음,696,703.5,7.5,0.5,7.5,35,7,0.5,0.5,,,7.5,89,28.5,전기,,,,,,
2026-08-27,DEMO-L30(예시),1호기,하역내구,운전자D,주,흐림,1098,1106,8,,8,37,7,,0.5,,,8,,,LPG,74.7,,,,,
2026-08-28,DEMO-D25(예시),1호기,주행내구,운전자D,주,맑음,1619,1626,7,,7,32,6,,0.5,,,7,,,경유,,,,,,
2026-08-28,DEMO-E20(예시),1호기,주행내구,운전자B,주,흐림,703.5,710,6.5,0.5,6.5,30,6,0.5,0.5,,,6.5,87,27.8,전기,,,,,,
2026-08-28,DEMO-L30(예시),1호기,하역내구,운전자A,주,맑음,1106,1113.5,7.5,,7.5,35,7,,0.5,,,7.5,,,LPG,,,,,,
2026-08-31,DEMO-D25(예시),1호기,주행내구,운전자A,주,맑음,1626,1632,6,,6,28,5,,0.5,,,6,,,경유,52.1,,79710,,,
2026-08-31,DEMO-E20(예시),1호기,주행내구,운전자C,주,비,710,716,6,0.5,6,28,5,0.5,0.5,,,6,74,23.7,전기,,,,,,
2026-08-31,DEMO-L30(예시),1호기,하역내구,운전자B,주,맑음,1113.5,1121,7.5,,7.5,35,7,,0.5,,,7.5,,,LPG,76.1,,,,,
2026-09-01,DEMO-D25(예시),1호기,주행내구,운전자B,주,흐림,1632,1638,6,,6,28,5,,0.5,,,,,,경유,,,,,,
2026-09-01,DEMO-D25(예시),1호기,주행내구,운전자D,야,흐림,1638,1644.5,6.5,,6.5,30,6,,0.5,,,,,,경유,,,,,,
2026-09-01,DEMO-E20(예시),1호기,주행내구,운전자D,주,맑음,716,723,7,0.5,7,32,6,0.5,0.5,,,,59,18.9,전기,,,,,,
2026-09-01,DEMO-L30(예시),1호기,하역내구,운전자C,주,맑음,1121,1129,8,,8,37,7,,0.5,,,,,,LPG,,,,,,
2026-09-02,DEMO-D25(예시),1호기,주행내구,운전자C,주,맑음,1644.5,1651.5,7,,7,32,6,,0.5,,,,,,경유,,,,,,
2026-09-02,DEMO-E20(예시),1호기,주행내구,운전자A,주,맑음,723,730,7,0.5,7,32,6,0.5,0.5,,,,88,28.2,전기,,,,,,
2026-09-02,DEMO-L30(예시),1호기,하역내구,운전자D,주,맑음,1129,1136.5,7.5,,7.5,35,7,,0.5,,,,,,LPG,,,,,,
2026-09-03,DEMO-D25(예시),1호기,주행내구,운전자D,주,흐림,1651.5,1656.5,5,,5,23,5,,0.5,,,,,,경유,38.3,,58600,,,
2026-09-03,DEMO-D25(예시),1호기,주행내구,운전자B,야,흐림,1656.5,1662,5.5,,5.5,25,5,,0.5,,,,,,경유,,,,,,
2026-09-03,DEMO-E20(예시),1호기,주행내구,운전자B,주,맑음,730,738,8,0.5,8,37,7,0.5,0.5,,,,83,26.6,전기,,,,,,
2026-09-03,DEMO-L30(예시),1호기,하역내구,운전자A,주,맑음,1136.5,1141.5,5,,5,23,5,,0.5,,,,,,LPG,50.4,,,,,
2026-09-04,DEMO-D25(예시),1호기,주행내구,운전자A,주,흐림,1662,1667,5,,5,23,5,,0.5,,,,,,경유,,,,,,
2026-09-04,DEMO-E20(예시),1호기,주행내구,운전자C,주,맑음,738,744.5,6.5,0.5,6.5,30,6,0.5,0.5,,,,61,19.5,전기,,,,,,
2026-09-04,DEMO-L30(예시),1호기,하역내구,운전자B,주,맑음,1141.5,1149,7.5,,7.5,35,7,,0.5,,,,,,LPG,,,,,,
2026-09-07,DEMO-D25(예시),1호기,주행내구,운전자B,주,맑음,1667,1673,6,,6,28,5,,0.5,,,,,,경유,53.2,,82460,,,
2026-09-07,DEMO-E20(예시),1호기,주행내구,운전자D,주,흐림,744.5,750,5.5,0.5,5.5,25,5,0.5,0.5,,,,90,28.8,전기,,,,,,
2026-09-07,DEMO-L30(예시),1호기,하역내구,운전자C,주,맑음,1149,1155.5,6.5,,6.5,30,6,,0.5,,,,,,LPG,57.6,,,,,
2026-09-08,DEMO-D25(예시),1호기,주행내구,운전자C,주,맑음,1673,1678.5,5.5,,5.5,25,5,,0.5,,,,,,경유,,,,,,
2026-09-08,DEMO-D25(예시),1호기,주행내구,운전자A,야,맑음,1678.5,1684.5,6,,6,28,5,,0.5,,,,,,경유,,,,,,
2026-09-08,DEMO-E20(예시),1호기,주행내구,운전자A,주,비,750,756,6,0.5,6,28,5,0.5,0.5,,,,64,20.5,전기,,,,,,
2026-09-08,DEMO-L30(예시),1호기,하역내구,운전자D,주,맑음,1155.5,1161.5,6,,6,28,5,,0.5,,,,,,LPG,,,,,,
2026-09-09,DEMO-D25(예시),1호기,주행내구,운전자D,주,맑음,1684.5,1689.5,5,,5,23,5,,0.5,,,,,,경유,,,,,,
2026-09-09,DEMO-E20(예시),1호기,주행내구,운전자B,주,비,756,761.5,5.5,0.5,5.5,25,5,0.5,0.5,,,,60,19.2,전기,,,,,,
2026-09-09,DEMO-L30(예시),1호기,하역내구,운전자A,주,맑음,1161.5,1168,6.5,,6.5,30,6,,0.5,,,,,,LPG,,,,,브레이크 페달 유격 커짐(예시),IMG_20260909_2(예시).jpg
2026-09-10,DEMO-D25(예시),1호기,주행내구,운전자A,주,맑음,1689.5,1696.5,7,,7,32,6,,0.5,,,,,,경유,61.8,,95170,,,
2026-09-10,DEMO-D25(예시),1호기,주행내구,운전자C,야,맑음,1696.5,1702.5,6,,6,28,5,,0.5,,,,,,경유,,,,,,
2026-09-10,DEMO-E20(예시),1호기,주행내구,운전자C,주,맑음,761.5,768,6.5,0.5,6.5,30,6,0.5,0.5,,,,88,28.2,전기,,,,,,
2026-09-10,DEMO-L30(예시),1호기,하역내구,운전자B,주,맑음,1168,1174.5,6.5,,6.5,30,6,,0.5,,,,,,LPG,65.6,,,,,
2026-09-11,DEMO-D25(예시),1호기,주행내구,운전자B,주,맑음,1702.5,1707.5,5,,5,23,5,,0.5,,,,,,경유,,,,,,
2026-09-11,DEMO-E20(예시),1호기,주행내구,운전자D,주,맑음,768,775.5,7.5,0.5,7.5,35,7,0.5,0.5,,,,84,26.9,전기,,,,,,
2026-09-11,DEMO-L30(예시),1호기,하역내구,운전자C,주,맑음,1174.5,1182,7.5,,7.5,35,7,,0.5,,,,,,LPG,,,,,,
2026-09-14,DEMO-D25(예시),1호기,주행내구,운전자C,주,맑음,1707.5,1712.5,5,,5,23,5,,0.5,,,,,,경유,38,,58140,,,
2026-09-14,DEMO-E20(예시),1호기,주행내구,운전자A,주,흐림,775.5,782,6.5,0.5,6.5,30,6,0.5,0.5,,,,90,28.8,전기,,,,,,
2026-09-14,DEMO-L30(예시),1호기,하역내구,운전자D,주,맑음,1182,1189,7,,7,32,6,,0.5,,,,,,LPG,61.4,,,,,
2026-09-15,DEMO-D25(예시),1호기,주행내구,운전자D,주,맑음,1712.5,1720.5,8,,8,37,7,,0.5,,,,,,경유,,,,,,
2026-09-15,DEMO-D25(예시),1호기,주행내구,운전자B,야,맑음,1720.5,1727.5,7,,7,32,6,,0.5,,,,,,경유,,,,,,
2026-09-15,DEMO-E20(예시),1호기,주행내구,운전자B,주,흐림,782,787,5,0.5,5,23,5,0.5,0.5,,,,58,18.6,전기,,,,,,
2026-09-15,DEMO-L30(예시),1호기,하역내구,운전자A,주,흐림,1189,1195.5,6.5,,6.5,30,6,,0.5,,,,,,LPG,,,,,,
2026-09-16,DEMO-D25(예시),1호기,주행내구,운전자A,주,맑음,1727.5,1735.5,8,,8,37,7,,0.5,,,,,,경유,,,,,,
2026-09-16,DEMO-E20(예시),1호기,주행내구,운전자C,주,비,787,792.5,5.5,0.5,5.5,25,5,0.5,0.5,,,,82,26.2,전기,,,,,,
2026-09-16,DEMO-L30(예시),1호기,하역내구,운전자B,주,맑음,1195.5,1200.5,5,,5,23,5,,0.5,,,,,,LPG,,,,,작동유 온도 경고등 점등 후 소등(예시),IMG_20260916_2(예시).jpg
2026-09-17,DEMO-D25(예시),1호기,주행내구,운전자B,주,흐림,1735.5,1741.5,6,,6,28,5,,0.5,,,,,,경유,46.9,20,72230,24000,,
2026-09-17,DEMO-D25(예시),1호기,주행내구,운전자D,야,흐림,1741.5,1749.5,8,,8,37,7,,0.5,,,,,,경유,,,,,브레이크 페달 유격 커짐(예시),IMG_20260917_1(예시).jpg
2026-09-17,DEMO-E20(예시),1호기,주행내구,운전자D,주,비,792.5,799,6.5,0.5,6.5,30,6,0.5,0.5,,,,89,28.5,전기,,,,,,
2026-09-17,DEMO-L30(예시),1호기,하역내구,운전자C,주,맑음,1200.5,1206,5.5,,5.5,25,5,,0.5,,,,,,LPG,47.5,,,,,
2026-09-18,DEMO-D25(예시),1호기,주행내구,운전자C,주,비,1749.5,1755.5,6,,6,28,5,,0.5,,,,,,경유,,,,,,
2026-09-18,DEMO-E20(예시),1호기,주행내구,운전자A,주,맑음,799,805.5,6.5,0.5,6.5,30,6,0.5,0.5,,,,81,25.9,전기,,,,,,
2026-09-18,DEMO-L30(예시),1호기,하역내구,운전자D,주,비,1206,1214,8,,8,37,7,,0.5,,,,,,LPG,,,,,포크 하강 속도 느려짐(예시),IMG_20260918_2(예시).jpg
2026-09-21,DEMO-D25(예시),1호기,주행내구,운전자D,주,맑음,1755.5,1761,5.5,,5.5,25,5,,0.5,,,,,,경유,43.7,,67740,,브레이크 페달 유격 커짐(예시),IMG_20260921_1(예시).jpg
2026-09-21,DEMO-E20(예시),1호기,주행내구,운전자B,주,맑음,805.5,811,5.5,0.5,5.5,25,5,0.5,0.5,,,,63,20.2,전기,,,,,,
2026-09-21,DEMO-L30(예시),1호기,하역내구,운전자A,주,맑음,1214,1220,6,,6,28,5,,0.5,,,,,,LPG,55.9,,,,,
2026-09-22,DEMO-D25(예시),1호기,주행내구,운전자A,주,흐림,1761,1766,5,,5,23,5,,0.5,,,,,,경유,,,,,,
2026-09-22,DEMO-D25(예시),1호기,주행내구,운전자C,야,흐림,1766,1773,7,,7,32,6,,0.5,,,,,,경유,,,,,,
2026-09-22,DEMO-E20(예시),1호기,주행내구,운전자C,주,비,811,817,6,0.5,6,28,5,0.5,0.5,,,,63,20.2,전기,,,,,,
2026-09-22,DEMO-L30(예시),1호기,하역내구,운전자B,주,맑음,1220,1225.5,5.5,,5.5,25,5,,0.5,,,,,,LPG,,,,,,
2026-09-23,DEMO-D25(예시),1호기,주행내구,운전자B,주,맑음,1773,1780,7,,7,32,6,,0.5,,,,,,경유,,,,,,
2026-09-23,DEMO-E20(예시),1호기,주행내구,운전자D,주,맑음,817,823.5,6.5,0.5,6.5,30,6,0.5,0.5,,,,87,27.8,전기,,,,,,
2026-09-23,DEMO-L30(예시),1호기,하역내구,운전자C,주,맑음,1225.5,1232,6.5,,6.5,30,6,,0.5,,,,,,LPG,,,,,,
2026-09-24,DEMO-D25(예시),1호기,주행내구,운전자C,주,맑음,1780,1787.5,7.5,,7.5,35,7,,0.5,,,,,,경유,60.8,,95460,,,
2026-09-24,DEMO-D25(예시),1호기,주행내구,운전자A,야,맑음,1787.5,1793.5,6,,6,28,5,,0.5,,,,,,경유,,,,,,
2026-09-24,DEMO-E20(예시),1호기,주행내구,운전자A,주,흐림,823.5,830,6.5,0.5,6.5,30,6,0.5,0.5,,,,89,28.5,전기,,,,,브레이크 페달 유격 커짐(예시),IMG_20260924_3(예시).jpg
2026-09-24,DEMO-L30(예시),1호기,하역내구,운전자D,주,맑음,1232,1237.5,5.5,,5.5,25,5,,0.5,,,,,,LPG,51.1,,,,좌측 마스트 체인에서 소음 발생(예시),IMG_20260924_2(예시).jpg
2026-09-25,DEMO-D25(예시),1호기,주행내구,운전자D,주,맑음,1793.5,1800,6.5,,6.5,30,6,,0.5,,,,,,경유,,,,,,
2026-09-25,DEMO-E20(예시),1호기,주행내구,운전자B,주,맑음,830,835,5,0.5,5,23,5,0.5,0.5,,,,65,20.8,전기,,,,,,
2026-09-25,DEMO-L30(예시),1호기,하역내구,운전자A,주,맑음,1237.5,1243,5.5,,5.5,25,5,,0.5,,,,,,LPG,,,,,,